Policy,Control,EXT
"Information Security Policy	",5.1.1,Policies for information security
"Access Control Policy		",,
" Data Classification and Handling Policy		",,
"Incident Response Policy		",,
"Physical Security Policy		",,
"Network Security Policy		",,
"Information Asset Management Policy		",,
"Acceptable Use Policy		",,
"Business Continuity and Disaster		",,
"Recovery Policy		",,
"Vendor Management Policy		",,
"Security Awareness and Training Policy		",,
"Mobile Device Security Policy		",,
"		",,
